customer_id,age,monthly_income,tenure,support_calls,contract_months,churn
1,56,54674,16,5,12,0
2,69,55854,14,8,36,0
3,46,66271,53,5,36,0
4,32,93688,48,8,36,0
5,60,58518,5,3,24,0
6,25,30267,41,7,6,1
7,38,21062,26,8,36,1
8,56,70448,28,3,6,0
9,36,26229,2,4,24,0
10,40,76793,50,7,36,0
11,28,67915,6,9,24,1
12,28,24632,9,5,24,0
13,41,23596,33,6,6,1
14,53,26168,41,2,36,0
15,57,27561,25,6,24,0
16,41,93794,48,7,36,0
17,20,46734,13,9,6,1
18,39,26371,9,5,24,0
19,19,46069,53,9,6,0
20,41,99905,13,8,36,1
21,61,32910,31,5,36,0
22,47,93479,41,8,6,1
23,55,97735,11,3,12,1
24,19,43275,4,7,24,1
25,38,92274,34,10,36,0
26,50,80004,38,3,36,0
27,29,82981,46,1,24,0
28,39,74553,4,9,6,1
29,61,68447,38,10,6,1
30,42,54529,19,8,6,1
31,66,95703,6,4,12,0
32,44,96090,34,3,12,1
33,59,37260,18,1,36,0
34,45,23812,13,0,6,0
35,33,48024,41,10,24,0
36,32,78656,23,6,36,1
37,64,47285,19,5,24,1
38,68,21605,45,1,36,0
39,61,91158,11,7,12,1
40,69,92303,1,10,36,1
41,20,47139,24,3,12,0
42,54,97149,54,7,36,0
43,68,76138,7,6,6,1
44,24,96125,25,4,24,1
45,38,33918,21,9,6,1
46,26,47446,15,9,36,1
47,56,33046,1,7,36,1
48,35,44818,12,8,36,0
49,21,24324,58,4,12,0
50,42,96323,7,9,24,1
51,31,29111,15,4,24,0
52,67,58110,21,1,36,1
53,26,36389,19,4,36,0
54,43,61427,60,2,12,0
55,19,99579,29,6,6,1
56,37,48746,25,9,6,0
57,45,20117,33,4,24,1
58,64,33234,49,7,12,0
59,24,73441,32,0,36,0
60,61,20846,49,2,24,1
61,25,30954,35,2,12,0
62,64,99239,44,8,6,0
63,52,66514,38,4,12,1
64,31,26469,26,8,6,0
65,34,50105,11,8,12,1
66,53,62101,35,0,24,0
67,67,84323,8,1,6,0
68,57,78067,46,4,24,0
69,21,69376,14,3,24,0
70,19,65587,10,9,6,0
71,23,56976,2,8,6,0
72,59,87584,46,6,36,0
73,21,98477,9,5,36,1
74,46,62533,3,6,36,1
75,35,21828,21,0,24,1
76,43,21917,26,0,24,1
77,61,40618,8,7,36,0
78,51,52254,48,1,24,0
79,27,67362,2,9,24,0
80,53,40128,6,10,6,1
81,31,79383,28,8,6,1
82,48,85545,53,6,24,1
83,65,29865,29,5,36,0
84,32,22219,26,0,12,1
85,25,59809,25,0,36,0
86,31,25287,12,1,12,0
87,40,54387,5,5,36,1
88,57,28512,34,5,6,0
89,38,21342,48,1,24,1
90,33,83076,37,0,24,0
91,62,39216,15,9,6,1
92,35,99767,44,4,12,0
93,64,46614,36,4,12,0
94,41,56258,15,1,12,0
95,43,62078,43,5,6,0
96,42,32219,48,8,12,0
97,62,20235,23,1,6,0
98,58,62929,6,9,36,0
99,46,87444,46,1,36,0
100,32,28567,50,2,6,1
101,62,90792,44,6,24,0
102,18,85441,59,5,36,0
103,42,93698,43,7,12,0
104,24,25415,45,7,6,0
105,26,56159,21,5,12,1
106,41,63925,23,10,12,0
107,18,25951,43,9,24,1
108,61,28007,55,2,12,0
109,25,61832,16,2,24,0
110,41,78596,47,0,36,1
111,28,50523,53,6,6,1
112,68,35524,60,4,12,1
113,34,39282,15,3,6,0
114,25,43930,25,9,12,0
115,52,20077,36,3,6,0
116,52,40611,11,3,12,1
117,50,36984,51,5,12,1
118,22,34060,15,7,12,0
119,59,63303,4,7,12,0
120,56,79207,21,4,12,1
121,58,95046,13,5,12,1
122,45,49287,22,3,12,1
123,24,59711,19,10,12,0
124,26,31954,34,8,12,0
125,25,93340,14,7,6,0
126,29,92101,4,9,24,1
127,51,91520,48,9,12,0
128,50,38574,53,0,24,1
129,65,29184,52,1,12,0
130,40,39096,46,8,12,1
131,41,87728,27,7,6,1
132,54,54016,29,2,36,0
133,52,31246,47,7,36,1
134,61,65558,28,0,6,0
135,57,38381,35,9,24,0
136,39,56455,8,3,36,0
137,44,24018,16,2,6,0
138,52,31302,42,5,6,0
139,18,87506,36,6,36,0
140,52,61157,30,3,24,1
141,54,74917,18,6,6,1
142,64,44519,2,8,12,1
143,31,76819,49,10,24,0
144,20,91324,13,1,24,1
145,18,25408,4,10,36,1
146,22,79379,26,2,36,1
147,43,45053,25,4,12,1
148,31,29446,30,2,6,1
149,56,20922,11,10,36,1
150,44,71356,7,7,36,0
151,26,30789,31,9,24,0
152,32,86656,44,7,36,1
153,32,64028,10,7,36,0
154,43,84484,39,8,36,0
155,59,52154,13,3,36,0
156,30,22336,31,4,24,0
157,68,87779,7,4,12,0
158,49,39029,56,7,12,0
159,56,79201,49,6,6,0
160,66,52265,42,8,36,0
161,69,63872,42,7,24,1
162,49,66197,56,1,6,1
163,21,75180,36,9,6,0
164,47,43710,20,3,12,1
165,54,49486,4,5,24,1
166,40,91907,54,1,24,0
167,56,91895,7,6,24,0
168,62,84435,54,2,12,0
169,32,60631,1,2,12,1
170,60,40103,44,10,12,1
171,46,84772,56,1,12,0
172,53,34382,45,10,12,1
173,30,23756,42,7,36,1
174,49,40609,47,5,36,0
175,24,36478,59,0,24,0
176,68,59666,13,0,6,0
177,39,95683,55,6,24,1
178,45,91315,22,7,6,1
179,19,97834,54,4,12,1
180,59,34153,21,10,6,0
181,62,96325,22,4,24,0
182,23,32999,28,3,24,1
183,45,75318,9,5,6,0
184,45,20814,26,5,36,1
185,61,96077,9,2,12,0
186,61,22443,15,8,12,1
187,37,95993,10,10,24,1
188,47,95916,24,6,36,0
189,28,93319,58,0,6,0
190,45,37368,57,6,12,1
191,42,35328,42,4,36,0
192,56,76942,8,4,12,0
193,50,47306,24,1,36,1
194,18,59915,16,3,36,1
195,44,57219,49,5,24,1
196,69,84644,26,9,12,1
197,30,80279,27,10,6,1
198,58,73028,37,6,24,0
199,20,20126,4,10,24,1
200,56,72329,50,4,6,0
201,23,47632,24,8,24,1
202,25,85310,19,2,36,1
203,44,75176,36,0,36,0
204,26,64327,60,3,12,0
205,54,88904,39,8,12,0
206,50,23797,10,3,6,1
207,68,67882,25,1,12,0
208,59,33718,18,9,36,1
209,61,54560,19,4,6,0
210,41,96589,36,2,6,1
211,32,42116,10,8,12,1
212,49,56244,33,3,36,1
213,49,21645,55,5,6,1
214,41,67523,50,1,36,0
215,58,39256,5,5,36,1
216,69,73173,47,2,36,1
217,66,57430,49,8,12,1
218,66,59282,35,10,24,0
219,69,83374,44,1,24,1
220,29,88244,34,8,6,0
221,56,31694,33,4,36,0
222,19,76264,55,7,12,1
223,20,95060,21,1,36,0
224,66,77545,17,5,36,0
225,54,59224,22,2,12,1
226,66,33224,48,9,24,1
227,34,60738,37,4,36,1
228,66,45150,15,7,36,0
229,19,83731,35,9,24,1
230,19,69688,28,0,12,0
231,45,93509,7,4,6,0
232,40,28577,32,2,24,1
233,54,28070,11,3,6,0
234,49,28666,10,1,6,1
235,50,77761,9,8,24,0
236,18,56368,14,2,36,0
237,36,26783,13,1,6,0
238,19,61914,57,9,6,1
239,61,90507,25,10,12,0
240,43,99026,2,8,36,0
241,49,87526,35,6,6,1
242,23,90835,7,5,12,0
243,49,65765,21,0,36,0
244,21,39956,18,4,24,0
245,28,66240,3,10,24,0
246,34,57148,42,10,12,0
247,55,24757,54,2,24,0
248,41,39097,39,0,6,0
249,22,30395,41,3,36,0
250,69,36241,49,1,6,0
251,51,47696,11,1,6,0
252,23,90480,39,2,24,0
253,39,66163,24,7,6,0
254,28,39816,60,7,24,0
255,65,69840,46,6,36,1
256,33,72853,19,5,36,1
257,50,44917,4,8,6,1
258,26,41566,26,3,12,0
259,23,95452,38,0,24,1
260,33,82823,42,7,24,1
261,46,40806,32,6,6,0
262,20,95520,39,6,24,1
263,37,21759,45,2,24,1
264,53,61949,46,3,12,1
265,36,22482,36,9,12,0
266,43,44442,40,8,6,1
267,20,53719,37,5,12,0
268,36,78066,33,4,6,1
269,37,22079,36,2,36,0
270,49,22717,3,8,6,1
271,24,79676,9,4,36,1
272,69,47952,8,4,6,0
273,58,62460,33,3,24,0
274,50,92847,59,3,12,0
275,57,38449,6,0,36,0
276,56,53536,41,6,6,1
277,35,84077,39,8,12,1
278,57,58258,4,2,6,1
279,18,68302,13,1,12,1
280,28,48865,49,2,12,1
281,45,26645,60,0,6,1
282,42,58000,2,5,36,1
283,67,46737,60,10,36,0
284,40,31485,5,10,24,0
285,48,58565,44,6,12,1
286,47,45522,27,10,24,1
287,59,85155,32,10,24,0
288,52,75168,21,1,6,1
289,24,72487,8,7,6,0
290,33,32342,38,5,6,1
291,43,60806,8,3,12,1
292,65,68770,50,4,6,1
293,69,98623,3,7,6,1
294,66,95629,54,2,12,1
295,19,72603,44,2,12,0
296,18,46399,58,10,36,1
297,65,96534,3,3,6,1
298,29,75106,22,0,6,0
299,22,50678,6,8,6,1
300,54,96218,2,7,36,0
301,49,83230,23,7,6,0
302,26,94055,44,9,36,1
303,58,76373,2,5,24,0
304,52,51480,38,6,36,0
305,36,88836,17,5,24,1
306,65,92258,35,8,6,1
307,33,59986,34,2,24,0
308,20,44160,23,2,36,0
309,37,99111,30,2,12,0
310,41,84929,52,9,24,0
311,50,93506,8,2,24,1
312,41,54911,22,8,6,1
313,69,51821,44,3,36,0
314,28,95039,58,6,24,1
315,66,80535,36,8,24,0
316,25,32175,5,10,24,0
317,53,74771,13,6,24,1
318,55,86358,29,8,12,1
319,57,37327,31,2,36,1
320,37,67057,47,3,6,0
321,52,26150,57,7,6,0
322,65,24425,55,5,12,0
323,42,36032,16,4,36,0
324,52,22198,42,3,24,0
325,42,80500,30,7,12,1
326,46,73394,57,0,36,0
327,35,40079,55,8,24,0
328,63,56220,16,0,12,0
329,35,61874,12,7,36,1
330,19,33859,17,3,6,1
331,52,70460,16,8,6,1
332,33,51419,12,10,36,0
333,58,28705,8,4,6,1
334,53,62880,20,2,36,0
335,50,43236,3,8,24,1
336,21,35358,16,10,36,1
337,50,96918,30,8,24,0
338,31,34596,45,3,12,1
339,38,53572,23,10,36,1
340,65,98757,28,3,12,0
341,37,21279,51,7,6,0
342,25,83197,40,1,24,0
343,24,82516,54,8,36,1
344,20,27083,5,5,12,1
345,34,37771,20,8,24,1
346,50,49975,40,7,24,0
347,65,65648,56,6,6,0
348,29,68285,44,0,6,0
349,68,39063,1,2,24,1
350,39,87642,57,10,24,0
351,39,57599,30,1,36,0
352,63,71920,21,4,24,0
353,47,48529,20,4,36,1
354,55,55954,6,4,24,0
355,55,47856,22,3,6,0
356,62,22573,18,4,36,1
357,68,98344,8,2,12,0
358,25,55367,39,0,6,0
359,44,80774,32,4,36,0
360,44,43752,33,8,36,1
361,51,75029,53,8,12,1
362,38,37685,16,3,36,1
363,47,71693,12,2,24,0
364,50,75961,38,0,12,0
365,45,96908,52,1,6,0
366,64,94532,34,7,6,0
367,50,76133,14,0,24,0
368,22,81268,36,7,6,1
369,65,58243,33,6,36,1
370,36,77384,23,7,36,0
371,21,51653,50,5,24,1
372,52,46657,45,8,6,1
373,66,59952,2,2,6,1
374,34,42180,41,9,24,0
375,61,98411,21,3,12,0
376,45,21622,2,5,6,1
377,47,68756,27,7,12,1
378,46,60809,57,4,6,1
379,63,36725,9,2,6,1
380,23,81396,1,5,6,1
381,52,71226,11,3,6,0
382,58,49402,3,8,36,1
383,54,24263,52,2,12,0
384,41,66828,23,3,12,0
385,46,67924,26,6,6,1
386,66,94182,4,6,6,1
387,63,79052,18,3,12,0
388,48,31664,55,5,36,0
389,52,55737,6,2,24,1
390,50,49373,35,5,24,0
391,69,56397,22,1,12,0
392,38,58709,43,7,6,1
393,49,81120,15,1,6,1
394,40,39250,22,10,36,1
395,50,41172,60,6,24,0
396,20,31555,37,8,36,1
397,35,98617,52,0,24,1
398,42,73276,42,7,12,0
399,59,77492,12,6,24,1
400,48,73002,47,5,36,0
401,20,92355,49,5,36,1
402,57,44762,42,5,36,0
403,63,31046,38,8,12,0
404,41,48769,18,1,24,0
405,67,73302,45,0,24,1
406,49,43150,35,5,36,1
407,64,88247,30,9,24,1
408,39,24853,24,10,6,0
409,40,41792,42,7,6,1
410,19,79129,30,2,6,0
411,44,94478,14,9,24,0
412,59,87298,6,0,12,1
413,19,51987,3,8,12,1
414,43,35850,16,0,12,0
415,34,32112,7,2,12,1
416,57,44058,52,7,6,1
417,50,65420,14,2,6,0
418,26,58890,9,3,36,1
419,60,86017,15,7,24,1
420,65,67304,21,0,24,0
421,56,52921,35,5,12,0
422,46,21524,2,0,6,0
423,59,35048,27,0,12,0
424,43,55111,2,7,36,0
425,52,57904,35,10,24,1
426,67,74912,18,3,24,0
427,42,54008,14,0,12,0
428,41,20060,20,9,36,0
429,30,94666,18,6,24,0
430,24,75337,10,4,36,0
431,53,33350,25,4,36,0
432,62,44354,2,0,12,1
433,37,65186,25,9,6,1
434,18,48145,54,10,12,0
435,25,54020,33,5,6,1
436,63,95186,36,8,36,1
437,33,40581,31,8,6,0
438,31,43051,14,7,36,1
439,29,71474,1,4,24,1
440,68,89626,46,0,24,1
441,40,26960,16,8,24,1
442,32,55772,54,0,12,0
443,45,41520,46,7,12,0
444,51,69481,52,4,36,0
445,19,56408,3,2,24,0
446,49,77134,35,10,12,0
447,40,40491,41,6,24,1
448,39,21341,6,6,12,1
449,68,64623,25,8,6,1
450,42,20338,13,6,6,1
451,39,91431,53,10,24,0
452,39,32254,34,2,36,0
453,66,71860,8,10,12,1
454,69,31344,21,0,12,1
455,59,21750,34,7,6,1
456,23,74756,4,2,6,1
457,32,87957,25,7,36,0
458,60,78053,15,7,36,1
459,54,90855,4,4,36,0
460,50,35896,45,0,24,0
461,25,75761,60,9,6,1
462,61,82552,12,6,24,0
463,61,97454,32,9,6,1
464,22,47935,32,4,6,0
465,56,57641,28,7,12,1
466,21,49711,13,8,6,0
467,23,90342,31,10,6,1
468,62,32182,14,6,24,1
469,49,76276,20,6,6,1
470,69,39541,18,0,24,1
471,47,64813,29,3,36,0
472,64,57198,60,1,6,1
473,52,28820,6,1,6,0
474,57,44070,32,1,24,1
475,69,89768,29,3,36,0
476,33,31122,43,0,12,0
477,30,93543,2,3,36,0
478,67,61786,60,1,24,1
479,59,26737,23,4,36,0
480,47,56062,19,2,24,1
481,36,74237,31,7,24,0
482,34,71571,51,3,12,0
483,36,45510,5,0,6,1
484,45,39426,19,0,24,1
485,43,57265,34,9,24,0
486,54,37850,10,2,12,1
487,43,86150,25,8,24,1
488,40,94910,2,6,6,1
489,26,72375,11,1,12,0
490,29,55435,50,8,6,1
491,18,77132,31,9,6,0
492,18,98945,56,1,12,1
493,64,22983,15,2,24,1
494,51,40662,9,10,6,0
495,49,43510,23,9,6,1
496,65,98187,19,1,6,1
497,42,60998,9,2,6,0
498,57,76846,35,5,12,1
499,62,26640,21,8,12,0
500,18,64547,9,8,36,0
501,33,74620,28,6,36,1
502,56,35317,46,2,6,1
503,22,27564,51,3,24,0
504,39,47345,7,5,6,1
505,46,99273,16,10,24,1
506,20,94859,16,4,6,1
507,29,94038,60,1,36,0
508,43,72393,33,5,36,0
509,33,86081,4,2,24,0
510,68,49430,4,7,6,0
511,54,95532,39,1,24,0
512,39,47788,40,0,36,0
513,46,68543,17,8,6,0
514,31,33919,37,2,6,0
515,45,89346,39,10,24,1
516,22,59974,60,0,12,0
517,64,36371,52,6,24,0
518,66,65084,29,9,36,0
519,47,49629,52,4,36,1
520,63,71184,36,4,36,0
521,69,81916,60,0,36,0
522,22,93972,38,8,36,0
523,29,82187,39,6,12,1
524,33,32984,50,7,6,1
525,43,53039,37,8,24,1
526,43,78606,52,5,24,1
527,65,30616,35,4,36,0
528,38,70072,7,5,24,0
529,56,44574,27,10,36,1
530,53,23430,28,1,12,1
531,50,32676,22,3,12,0
532,47,30816,14,2,6,0
533,54,52733,7,6,12,1
534,40,22050,37,8,12,1
535,27,53933,22,4,6,1
536,22,44951,5,5,24,1
537,53,52413,55,9,36,1
538,51,54801,2,1,36,1
539,69,75619,27,2,24,1
540,48,52913,21,2,6,0
541,27,60600,54,8,24,1
542,36,77775,38,6,12,1
543,49,55400,15,7,6,1
544,18,24494,21,10,6,1
545,22,94691,10,9,6,1
546,62,63001,23,10,36,1
547,21,87364,58,8,24,1
548,33,65028,56,5,6,0
549,41,57573,39,3,6,1
550,33,20806,5,0,6,1
551,19,76638,1,7,24,1
552,66,49757,13,6,36,0
553,45,54636,21,1,12,0
554,49,68280,26,7,36,1
555,44,44262,50,4,6,0
556,37,82211,45,6,36,0
557,41,74842,21,3,36,0
558,29,76979,53,4,12,0
559,67,58197,18,7,24,0
560,52,61844,37,0,24,0
561,50,84754,45,0,36,1
562,50,54157,32,3,36,0
563,68,97129,36,2,24,1
564,60,60042,17,9,24,0
565,54,81665,35,1,12,0
566,29,47376,49,2,6,1
567,20,75554,60,10,36,1
568,18,34199,11,10,24,1
569,50,70948,21,10,36,1
570,57,93781,52,0,36,0
571,27,92750,55,0,24,1
572,60,86262,53,5,12,1
573,61,66600,26,4,36,0
574,46,96898,4,7,12,1
575,30,82483,34,1,24,0
576,29,38297,52,3,6,0
577,48,50448,48,7,6,1
578,63,46172,60,5,36,0
579,19,62874,18,0,24,0
580,68,27657,40,3,12,0
581,67,45425,35,0,36,1
582,52,46685,41,1,24,0
583,40,44578,29,4,24,1
584,34,48831,52,7,12,0
585,43,27906,29,7,36,0
586,25,81413,38,10,24,1
587,46,74028,42,2,24,0
588,43,27287,21,10,24,1
589,27,53660,42,3,12,1
590,43,95758,13,9,36,0
591,51,80504,49,10,36,1
592,68,79720,41,5,36,0
593,58,54701,17,10,36,0
594,24,37674,56,10,6,1
595,21,43874,9,9,6,1
596,67,63642,41,2,36,0
597,62,85160,1,1,12,1
598,28,37602,2,5,6,0
599,46,45931,60,10,24,0
600,53,49192,48,4,6,0
601,42,66542,29,9,24,0
602,38,62520,33,4,36,0
603,53,84772,10,9,6,1
604,27,78762,50,4,12,0
605,54,70106,58,9,6,0
606,26,45559,60,4,6,1
607,41,53742,40,2,6,0
608,52,89669,21,6,36,0
609,66,41754,28,5,12,0
610,52,23972,11,3,6,0
611,65,90831,55,1,12,0
612,53,61873,34,8,36,0
613,35,29903,8,0,24,0
614,66,23020,59,10,6,0
615,56,61755,22,3,12,0
616,49,65648,8,0,12,1
617,41,29516,49,5,36,0
618,40,22396,15,3,6,1
619,49,39129,17,4,24,1
620,54,21591,60,4,12,1
621,29,31303,23,8,6,1
622,66,50561,24,0,24,0
623,30,91719,45,1,12,0
624,40,27314,19,5,12,0
625,42,39623,5,4,24,0
626,52,87675,32,10,24,0
627,58,85082,44,6,36,1
628,47,53130,1,2,6,1
629,34,71756,23,2,6,1
630,66,46292,37,9,36,0
631,37,89274,8,1,12,1
632,65,22469,13,2,24,0
633,42,73947,8,9,24,0
634,39,42534,57,0,24,1
635,30,83620,23,4,12,0
636,36,68874,43,4,24,1
637,66,69708,1,10,24,1
638,53,94553,45,6,36,0
639,29,88344,51,3,12,0
640,58,69138,24,2,6,0
641,36,74302,35,0,36,1
642,29,67638,24,7,36,1
643,26,98249,17,2,6,1
644,24,22719,5,1,36,0
645,45,42890,20,10,12,1
646,31,97236,21,3,24,0
647,48,56509,40,2,12,1
648,69,62534,58,0,6,1
649,36,38787,31,2,6,1
650,64,68845,46,1,36,0
651,33,77932,36,7,12,1
652,22,53062,11,5,12,1
653,52,95713,52,8,6,1
654,29,80461,15,7,12,1
655,42,95418,19,9,6,1
656,69,86672,7,2,12,0
657,38,54832,51,4,12,0
658,53,51966,28,6,12,1
659,40,92545,51,4,6,0
660,33,32987,43,7,36,0
661,56,57311,58,4,12,1
662,62,51575,5,0,6,1
663,59,83852,5,4,6,1
664,56,21007,30,3,12,0
665,31,90981,54,5,12,1
666,48,96242,32,2,36,0
667,22,67517,8,10,6,1
668,52,49257,10,4,6,1
669,40,62207,38,1,24,1
670,46,33281,47,10,6,0
671,60,81246,32,5,36,0
672,28,21435,48,5,24,1
673,35,46660,28,4,24,1
674,64,25084,17,5,24,1
675,29,33507,31,10,12,0
676,26,92595,8,6,12,1
677,27,65539,40,4,6,0
678,61,27491,25,0,24,1
679,34,70192,9,7,36,0
680,55,83888,2,3,12,0
681,24,93609,15,8,36,1
682,63,29077,50,9,36,1
683,30,40953,3,5,12,0
684,57,96919,49,0,12,0
685,59,87889,36,2,12,1
686,26,43821,4,2,12,0
687,67,57567,14,9,24,0
688,44,44860,41,3,24,0
689,19,41195,41,5,24,0
690,22,97475,25,6,24,0
691,46,41427,58,9,6,0
692,54,47083,55,3,24,1
693,55,77372,50,5,12,0
694,36,64064,10,10,36,1
695,25,27813,21,0,24,0
696,65,51598,36,7,6,0
697,62,47082,12,6,12,1
698,18,49241,27,10,36,0
699,39,64569,40,10,36,0
700,69,31745,2,8,24,1
701,34,46029,54,2,36,1
702,24,33025,13,1,24,1
703,42,34288,53,0,24,0
704,62,26540,32,2,12,1
705,21,88878,31,4,12,1
706,53,61846,16,10,6,1
707,23,95932,32,1,12,1
708,48,37482,32,2,12,1
709,36,43411,60,3,24,0
710,61,70975,34,6,12,0
711,56,80545,11,2,24,0
712,44,98797,10,8,24,0
713,27,72307,15,7,12,1
714,43,23093,17,3,6,1
715,36,97258,40,0,6,1
716,56,42042,18,0,36,1
717,20,72930,55,0,36,0
718,62,64413,9,0,12,1
719,30,53756,25,7,6,1
720,67,73268,40,2,24,0
721,45,59214,59,5,36,0
722,37,48602,14,2,24,0
723,45,73331,60,10,36,0
724,25,68901,58,4,12,0
725,58,83416,25,6,6,1
726,56,52196,50,1,36,0
727,18,25626,22,5,6,1
728,20,27424,52,5,24,1
729,30,32857,30,10,12,0
730,45,39982,20,2,6,0
731,66,96961,21,5,12,1
732,42,21980,44,9,6,1
733,50,68290,32,9,24,1
734,55,46431,51,4,24,0
735,23,46385,46,1,12,0
736,61,58158,49,8,24,0
737,62,43019,56,7,36,0
738,49,38639,21,2,6,0
739,62,41563,35,7,24,1
740,64,59341,58,8,36,1
741,38,25776,32,2,12,0
742,33,56444,30,2,36,0
743,38,88916,55,1,12,1
744,28,28711,39,7,12,1
745,54,94318,49,9,6,1
746,53,50707,12,0,6,0
747,52,59110,41,7,36,0
748,36,81788,47,6,6,0
749,37,58827,18,6,6,1
750,35,25655,21,2,6,0
751,64,64859,13,0,36,0
752,58,73625,21,3,24,0
753,66,72098,8,8,6,0
754,31,35251,46,4,6,0
755,32,20526,40,0,36,0
756,48,88760,46,4,24,0
757,18,67837,7,7,6,1
758,20,31536,23,7,12,0
759,33,48541,44,4,36,0
760,40,99083,32,8,6,1
761,28,71027,11,0,6,0
762,29,54531,22,3,12,0
763,27,28712,22,2,12,1
764,49,85455,43,1,36,0
765,33,94744,25,7,36,1
766,25,25109,22,6,12,1
767,55,69268,28,8,36,0
768,29,74615,29,1,12,1
769,41,49759,13,3,6,0
770,45,80112,18,5,12,1
771,25,46589,2,10,12,1
772,45,50015,29,2,24,1
773,53,49009,21,7,12,0
774,43,82046,15,2,12,1
775,25,46143,52,1,24,0
776,67,26154,27,2,36,0
777,45,41804,50,10,24,1
778,45,61688,31,5,6,1
779,54,84288,15,1,24,0
780,58,71195,51,7,6,0
781,53,40581,23,0,36,0
782,44,72648,24,6,24,1
783,34,50087,44,1,24,0
784,26,69930,13,9,36,1
785,50,52981,22,5,6,1
786,37,89298,43,1,24,0
787,30,66167,37,1,6,0
788,45,95304,33,9,24,0
789,65,63408,56,7,12,1
790,46,59499,3,1,24,1
791,30,72269,54,6,36,0
792,63,58559,19,2,36,0
793,52,94319,23,7,6,1
794,23,68787,29,6,24,0
795,35,55488,30,7,6,1
796,68,94441,39,6,6,0
797,22,94663,44,10,12,1
798,64,42431,47,5,12,0
799,42,81681,25,6,36,0
800,19,83483,37,4,6,0
801,27,69153,47,6,36,0
802,47,26368,8,0,24,1
803,67,47424,42,0,6,0
804,62,65004,58,8,6,1
805,22,76985,16,4,24,1
806,50,70069,8,4,24,1
807,18,72326,1,2,36,0
808,35,43398,44,4,36,0
809,49,70861,5,2,24,0
810,64,95897,3,8,36,0
811,66,88577,1,8,24,0
812,28,85641,4,5,6,0
813,38,29078,40,0,6,1
814,43,45003,35,6,12,0
815,42,82768,32,6,6,1
816,39,71047,42,9,24,1
817,44,91626,34,9,36,0
818,66,77660,43,3,12,1
819,30,69786,25,7,36,0
820,50,21925,10,5,24,0
821,51,46015,21,3,6,0
822,58,53320,46,3,12,0
823,52,84881,39,1,24,1
824,18,46289,27,1,12,1
825,38,23389,27,3,12,1
826,65,45683,2,4,6,0
827,23,33629,41,7,24,0
828,45,81550,48,5,36,1
829,34,44826,13,3,12,1
830,22,46630,9,10,12,1
831,48,66163,52,6,36,0
832,22,86435,36,7,24,0
833,55,31653,22,1,12,0
834,20,47961,42,6,12,0
835,40,94137,26,1,12,1
836,54,53662,58,1,24,1
837,54,76446,54,7,24,0
838,27,41288,12,1,36,1
839,27,56877,17,10,24,0
840,36,35313,14,8,24,0
841,34,92715,14,0,6,0
842,38,30326,57,8,36,1
843,31,21560,34,0,12,0
844,26,99148,53,9,24,1
845,63,46745,57,9,12,0
846,18,51890,20,1,12,1
847,68,40022,11,5,6,0
848,62,72579,16,5,24,1
849,30,90316,51,0,36,0
850,21,48380,31,6,24,1
851,18,22356,55,7,12,0
852,66,90326,6,1,36,1
853,57,40049,56,7,24,0
854,49,95717,19,8,12,1
855,51,36082,37,5,12,1
856,45,20661,58,4,6,1
857,48,57412,4,8,6,0
858,25,22920,47,10,6,1
859,56,80315,4,8,12,1
860,43,99561,20,0,24,1
861,51,28946,10,10,6,1
862,20,65500,24,2,24,1
863,67,36309,54,8,6,1
864,29,75230,35,10,36,0
865,18,50027,26,1,36,0
866,61,92541,37,3,6,0
867,22,79321,38,3,12,0
868,47,20956,21,1,6,1
869,47,94131,54,2,6,0
870,34,67908,40,2,12,1
871,65,98339,39,0,36,1
872,64,45963,21,5,24,0
873,40,59443,10,7,6,1
874,32,59063,38,2,12,0
875,54,24703,46,4,6,1
876,38,85128,4,0,12,0
877,31,92099,60,9,24,0
878,19,45849,57,6,24,1
879,28,51860,45,9,36,0
880,68,51585,20,0,12,0
881,56,42015,17,10,12,0
882,55,97539,55,8,36,0
883,51,63585,7,7,36,1
884,55,46958,4,6,12,1
885,67,46017,29,9,36,0
886,51,96707,14,6,24,1
887,35,65350,3,4,6,1
888,47,32201,24,4,24,1
889,32,49426,37,10,36,0
890,44,37778,16,4,12,0
891,68,65241,58,0,12,0
892,51,62229,55,7,24,0
893,69,68364,52,10,12,0
894,55,77056,4,0,36,1
895,50,47490,56,3,24,0
896,41,39975,24,8,12,0
897,32,46723,34,8,6,0
898,47,43279,30,4,6,1
899,59,98301,18,3,36,0
900,68,31561,19,2,12,0
901,34,86061,31,2,36,0
902,22,69153,60,4,24,0
903,46,53142,60,9,6,0
904,21,46916,19,0,24,1
905,27,84324,49,4,12,0
906,34,64965,46,5,36,0
907,27,24648,19,6,36,1
908,34,55133,22,8,36,0
909,37,70677,24,2,24,0
910,41,90135,45,1,6,1
911,22,55046,12,2,24,1
912,51,67064,30,8,24,0
913,23,89350,58,6,12,1
914,19,65893,38,8,12,0
915,30,81272,53,1,12,1
916,60,87649,31,4,6,1
917,60,84674,36,3,6,1
918,65,33760,19,1,12,0
919,28,41927,48,8,12,0
920,68,81367,45,8,6,0
921,64,32588,36,5,36,0
922,40,72233,30,10,6,1
923,33,64738,55,5,6,0
924,48,53397,49,7,6,1
925,28,96367,55,5,12,0
926,33,91260,33,0,36,0
927,25,96619,18,3,6,1
928,21,39816,52,6,12,0
929,57,62240,49,1,24,0
930,21,26276,59,8,24,0
931,42,99530,28,7,6,0
932,20,43499,59,7,24,1
933,49,91635,47,6,36,1
934,20,55946,11,3,24,0
935,44,75204,57,1,24,0
936,46,71886,60,2,36,0
937,49,91652,54,5,6,1
938,67,35563,45,4,6,0
939,68,29847,33,7,36,0
940,36,46155,17,5,36,1
941,38,99671,6,5,36,1
942,22,87278,4,0,24,0
943,35,38309,20,3,36,0
944,45,20619,48,4,12,0
945,59,70108,47,10,24,1
946,39,54707,27,2,6,1
947,38,40337,15,8,6,1
948,23,86504,6,0,6,1
949,18,67614,47,5,24,0
950,22,20281,14,5,12,0
951,58,47420,60,9,36,0
952,29,59030,11,4,36,1
953,43,21058,39,4,6,0
954,63,96260,9,9,6,1
955,51,48404,26,4,24,0
956,66,49856,16,5,12,1
957,31,29200,5,7,36,0
958,43,84178,57,1,24,0
959,62,53997,52,5,36,1
960,44,45611,10,0,6,0
961,26,61235,50,3,36,0
962,43,55057,3,9,12,0
963,64,21239,13,2,12,1
964,39,85661,43,8,6,0
965,64,65272,49,2,12,1
966,47,81212,30,5,12,1
967,60,35398,54,0,24,0
968,65,76503,45,5,36,0
969,34,26638,6,3,6,0
970,43,26570,17,7,6,0
971,53,88785,59,10,6,1
972,18,29110,45,8,6,0
973,25,99141,51,3,6,1
974,66,32115,53,9,12,0
975,52,59062,19,9,24,0
976,69,42911,42,5,6,1
977,32,52556,35,0,24,1
978,64,98131,46,3,24,1
979,39,21969,26,6,12,1
980,31,63753,51,0,6,0
981,43,24470,5,7,12,0
982,45,30225,29,9,6,0
983,40,43196,37,10,12,1
984,31,33669,20,5,24,0
985,41,57380,49,4,6,0
986,19,68320,21,9,36,1
987,62,67414,10,10,24,1
988,43,35577,5,8,36,0
989,31,75409,36,1,24,0
990,68,48625,6,4,12,1
991,24,44089,26,5,6,0
992,20,56487,4,6,24,1
993,64,85838,39,4,12,0
994,40,70138,39,8,6,0
995,63,62823,50,0,6,0
996,60,57208,35,6,24,0
997,64,74061,1,9,6,1
998,62,50659,24,6,24,0
999,35,51890,57,3,6,0
1000,55,99134,36,8,36,1
